/*
MySQL Backup
Database: t_mall
Backup Time: 2019-01-22 20:05:52
*/

SET FOREIGN_KEY_CHECKS=0;
DROP TABLE IF EXISTS `t_mall`.`address`;
DROP TABLE IF EXISTS `t_mall`.`attr`;
DROP TABLE IF EXISTS `t_mall`.`brand`;
DROP TABLE IF EXISTS `t_mall`.`cart`;
DROP TABLE IF EXISTS `t_mall`.`class1`;
DROP TABLE IF EXISTS `t_mall`.`class2`;
DROP TABLE IF EXISTS `t_mall`.`order_info`;
DROP TABLE IF EXISTS `t_mall`.`orders`;
DROP TABLE IF EXISTS `t_mall`.`product`;
DROP TABLE IF EXISTS `t_mall`.`product_image`;
DROP TABLE IF EXISTS `t_mall`.`sku`;
DROP TABLE IF EXISTS `t_mall`.`sku_attribute_value`;
DROP TABLE IF EXISTS `t_mall`.`sku_pic`;
DROP TABLE IF EXISTS `t_mall`.`tm_class`;
DROP TABLE IF EXISTS `t_mall`.`user`;
DROP TABLE IF EXISTS `t_mall`.`value`;
CREATE TABLE `address` (
  `id` int(11) NOT NULL AUTO_INCREMENT COMMENT '编号',
  `name` varchar(100) DEFAULT NULL COMMENT '用户地址',
  `status` varchar(1) DEFAULT '1' COMMENT '地址状态',
  `user_id` varchar(100) DEFAULT NULL COMMENT '用户id',
  `recipient` varchar(100) DEFAULT NULL COMMENT '收件人',
  `tel` varchar(100) DEFAULT NULL COMMENT '联系方式',
  PRIMARY KEY (`id`) USING BTREE
) ENGINE=InnoDB AUTO_INCREMENT=9 DEFAULT CHARSET=utf8 COMMENT='用户地址表';
CREATE TABLE `attr` (
  `id` int(11) NOT NULL AUTO_INCREMENT COMMENT '编号',
  `name` varchar(100) DEFAULT NULL COMMENT '属性名称',
  `status` varchar(1) DEFAULT '1' COMMENT '是否启用',
  `class2` int(11) DEFAULT NULL COMMENT '分类编号2',
  `create_time` timestamp NULL DEFAULT CURRENT_TIMESTAMP COMMENT '创建时间',
  PRIMARY KEY (`id`) USING BTREE
) ENGINE=InnoDB AUTO_INCREMENT=100 DEFAULT CHARSET=utf8 COMMENT='属性名表';
CREATE TABLE `brand` (
  `id` int(11) NOT NULL AUTO_INCREMENT COMMENT '编号',
  `name` varchar(100) DEFAULT NULL COMMENT '品牌名称',
  `url` varchar(100) DEFAULT NULL COMMENT '品牌图片',
  PRIMARY KEY (`id`) USING BTREE
) ENGINE=InnoDB AUTO_INCREMENT=33 DEFAULT CHARSET=utf8 COMMENT='商标表';
CREATE TABLE `cart` (
  `id` int(11) NOT NULL AUTO_INCREMENT COMMENT '编号',
  `sku_name` varchar(100) DEFAULT NULL COMMENT 'sku名称',
  `unit_price` decimal(10,0) DEFAULT NULL COMMENT 'sku价格',
  `number` int(11) DEFAULT NULL COMMENT '添加数量',
  `total_price` decimal(10,0) DEFAULT NULL COMMENT '合计',
  `user_id` int(11) DEFAULT NULL COMMENT '用户id',
  `product_id` int(11) DEFAULT NULL COMMENT '商品id',
  `create_time` timestamp NULL DEFAULT CURRENT_TIMESTAMP COMMENT '创建时间',
  `sku_id` int(11) DEFAULT NULL COMMENT 'skuid',
  `product_pic` varchar(100) DEFAULT NULL COMMENT '商品图片',
  `status` varchar(1) DEFAULT '1' COMMENT '是否选中',
  `address` varchar(100) DEFAULT NULL,
  PRIMARY KEY (`id`) USING BTREE
) ENGINE=InnoDB AUTO_INCREMENT=11 DEFAULT CHARSET=utf8 COMMENT='购物车表';
CREATE TABLE `class1` (
  `id` int(11) NOT NULL AUTO_INCREMENT COMMENT '编号',
  `name` varchar(11) DEFAULT NULL COMMENT '分类名称1',
  PRIMARY KEY (`id`) USING BTREE
) ENGINE=InnoDB AUTO_INCREMENT=16 DEFAULT CHARSET=utf8 COMMENT='分类1表';
CREATE TABLE `class2` (
  `id` int(11) NOT NULL AUTO_INCREMENT COMMENT '编号',
  `name` varchar(4000) DEFAULT NULL COMMENT '分类名称2',
  `class1` int(11) DEFAULT NULL COMMENT '分类编号1',
  PRIMARY KEY (`id`) USING BTREE
) ENGINE=InnoDB AUTO_INCREMENT=56 DEFAULT CHARSET=utf8 COMMENT='分类2表';
CREATE TABLE `order_info` (
  `id` int(11) NOT NULL AUTO_INCREMENT,
  `order_id` int(11) DEFAULT NULL,
  `sku_id` int(11) DEFAULT NULL,
  `sku_name` varchar(255) DEFAULT NULL,
  `sku_price` decimal(10,0) DEFAULT NULL,
  `sku_number` int(11) DEFAULT NULL,
  `sku_address` varchar(255) DEFAULT NULL,
  `create_time` timestamp NULL DEFAULT CURRENT_TIMESTAMP,
  PRIMARY KEY (`id`)
) ENGINE=InnoDB AUTO_INCREMENT=135 DEFAULT CHARSET=utf8 COMMENT='订单信息表';
CREATE TABLE `orders` (
  `id` int(11) NOT NULL AUTO_INCREMENT COMMENT '编号',
  `user_id` int(11) DEFAULT NULL COMMENT '用户id',
  `price` decimal(10,0) DEFAULT NULL COMMENT '总金额',
  `recipient` varchar(100) DEFAULT NULL COMMENT '收货人',
  `address` varchar(255) DEFAULT NULL COMMENT '地址名称',
  `create_time` timestamp NULL DEFAULT CURRENT_TIMESTAMP COMMENT '创建时间',
  PRIMARY KEY (`id`) USING BTREE
) ENGINE=InnoDB AUTO_INCREMENT=96 DEFAULT CHARSET=utf8 COMMENT='订单表 订单表';
CREATE TABLE `product` (
  `id` int(11) NOT NULL AUTO_INCREMENT COMMENT '编号',
  `name` varchar(100) DEFAULT NULL COMMENT '商品名称',
  `pic` varchar(100) DEFAULT NULL COMMENT '商品图片',
  `class1` int(11) DEFAULT NULL COMMENT '分类编号1',
  `class2` int(11) DEFAULT NULL COMMENT '分类编号2',
  `brand_id` int(11) DEFAULT NULL COMMENT '品牌id',
  `create_time` timestamp NULL DEFAULT CURRENT_TIMESTAMP ON UPDATE CURRENT_TIMESTAMP COMMENT '创建时间',
  `describes` varchar(1000) DEFAULT NULL COMMENT '商品描述',
  PRIMARY KEY (`id`) USING BTREE
) ENGINE=InnoDB AUTO_INCREMENT=61 DEFAULT CHARSET=utf8 COMMENT='商品表';
CREATE TABLE `product_image` (
  `id` int(11) NOT NULL AUTO_INCREMENT COMMENT '编号',
  `function` varchar(100) DEFAULT '1' COMMENT '作用：1头图2列表图3广告图片',
  `product_id` int(11) DEFAULT NULL COMMENT '商品id',
  `url` varchar(100) DEFAULT NULL COMMENT '图片地址',
  PRIMARY KEY (`id`) USING BTREE
) ENGINE=InnoDB AUTO_INCREMENT=166 DEFAULT CHARSET=utf8 COMMENT='商品图片表';
CREATE TABLE `sku` (
  `id` int(11) NOT NULL AUTO_INCREMENT COMMENT '编号',
  `product_id` int(11) DEFAULT NULL COMMENT '名称',
  `number` int(11) DEFAULT NULL COMMENT '库存数量',
  `price` decimal(10,2) DEFAULT NULL COMMENT '价格',
  `create_time` timestamp NULL DEFAULT CURRENT_TIMESTAMP COMMENT '创建时间',
  `name` varchar(100) DEFAULT NULL COMMENT 'sku名称',
  `sales` int(11) DEFAULT NULL COMMENT 'sku销量',
  `address` varchar(500) DEFAULT '昌平区北七家大仓库' COMMENT '库存地址',
  PRIMARY KEY (`id`) USING BTREE
) ENGINE=InnoDB AUTO_INCREMENT=60 DEFAULT CHARSET=utf8 COMMENT='sku库存表';
CREATE TABLE `sku_attribute_value` (
  `id` int(11) NOT NULL AUTO_INCREMENT COMMENT '编号',
  `sku_id` int(11) DEFAULT NULL COMMENT 'skuid',
  `product_id` int(11) DEFAULT NULL COMMENT '商品id',
  `attr_id` int(11) DEFAULT NULL COMMENT '属性名id',
  `value_id` int(11) DEFAULT NULL COMMENT '属性值id',
  `is_sku` varchar(1) DEFAULT '1' COMMENT '是否sku',
  `create_time` timestamp NULL DEFAULT CURRENT_TIMESTAMP COMMENT '创建时间',
  PRIMARY KEY (`id`) USING BTREE
) ENGINE=InnoDB AUTO_INCREMENT=249 DEFAULT CHARSET=utf8 COMMENT='sku属性和属性值关联表';
CREATE TABLE `sku_pic` (
  `Id` int(11) NOT NULL COMMENT '编号',
  `url` varchar(4000) DEFAULT NULL COMMENT '图片',
  `zy` varchar(1) DEFAULT NULL COMMENT '作用',
  `sku_id` int(11) DEFAULT NULL COMMENT 'skuid',
  PRIMARY KEY (`Id`)
) ENGINE=InnoDB DEFAULT CHARSET=utf8 COMMENT='sku图片表';
CREATE TABLE `tm_class` (
  `Id` int(11) NOT NULL AUTO_INCREMENT COMMENT '编号',
  `pp_id` int(11) DEFAULT NULL COMMENT '品牌id',
  `flbh1` int(11) DEFAULT NULL COMMENT '分类编号1',
  PRIMARY KEY (`Id`)
) ENGINE=InnoDB AUTO_INCREMENT=36 DEFAULT CHARSET=utf8 COMMENT='商标分类对应表';
CREATE TABLE `user` (
  `id` int(11) NOT NULL AUTO_INCREMENT COMMENT '编号',
  `username` varchar(100) DEFAULT NULL COMMENT '用户名称',
  `password` varchar(100) DEFAULT NULL COMMENT '用户密码',
  `name` varchar(100) DEFAULT NULL COMMENT '用户姓名',
  `phone` varchar(100) DEFAULT NULL COMMENT '手机号',
  `email` varchar(100) DEFAULT NULL COMMENT '邮箱',
  PRIMARY KEY (`id`) USING BTREE
) ENGINE=InnoDB AUTO_INCREMENT=10 DEFAULT CHARSET=utf8 COMMENT='用户表';
CREATE TABLE `value` (
  `id` int(11) NOT NULL AUTO_INCREMENT COMMENT '编号',
  `value` varchar(100) DEFAULT NULL COMMENT '属性值',
  `status` varchar(1) DEFAULT '1' COMMENT '是否启用',
  `attr_id` int(11) DEFAULT NULL COMMENT '属性id',
  `name` varchar(100) DEFAULT NULL COMMENT '属性值名',
  `create_time` timestamp NULL DEFAULT CURRENT_TIMESTAMP ON UPDATE CURRENT_TIMESTAMP COMMENT '创建时间',
  PRIMARY KEY (`id`) USING BTREE
) ENGINE=InnoDB AUTO_INCREMENT=211 DEFAULT CHARSET=utf8 COMMENT='属性值表';
BEGIN;
LOCK TABLES `t_mall`.`address` WRITE;
DELETE FROM `t_mall`.`address`;
INSERT INTO `t_mall`.`address` (`id`,`name`,`status`,`user_id`,`recipient`,`tel`) VALUES (1, '江苏科技大学', '1', '1', '张三', '12312312313'),(2, '清华大学', '1', '1', '李四', '12312312313'),(3, '北京大学', '1', '1', '王五', '12312312313'),(4, '南京大学', '1', '1', '张三', '11111111111'),(5, '花果山', '1', '6', '猴哥', '123123123123'),(6, '天竺寺', '1', '6', '莱哥', '123123123123'),(7, NULL, '1', '0', NULL, NULL),(8, NULL, '1', '0', NULL, NULL);
UNLOCK TABLES;
COMMIT;
BEGIN;
LOCK TABLES `t_mall`.`attr` WRITE;
DELETE FROM `t_mall`.`attr`;
INSERT INTO `t_mall`.`attr` (`id`,`name`,`status`,`class2`,`create_time`) VALUES (13, '分辨率', '1', 28, '2017-04-12 16:39:25'),(14, '尺寸', '1', 28, '2017-04-12 16:39:25'),(15, '类型', '1', 28, '2017-04-12 16:39:25'),(16, '色差', '1', 28, '2017-04-12 16:39:25'),(17, '功耗', '1', 28, '2017-04-12 16:39:25'),(18, '螺旋桨', '1', 54, '2017-04-12 17:36:49'),(19, '发动机', '1', 54, '2017-04-12 17:36:49'),(20, '拍摄像素', '1', 54, '2017-04-12 17:36:49'),(21, '武器', '1', 54, '2017-04-12 17:36:49'),(22, '体积', '1', 54, '2017-04-12 17:36:49'),(23, '屏幕类型', '1', 28, '2017-04-15 09:06:35'),(24, 'VR效果', '1', 28, '2017-06-30 15:59:36'),(25, '显宽', '1', 28, '2017-09-14 10:55:34'),(26, '显高', '1', 28, '2017-09-14 10:55:57'),(27, '显宽', '1', 28, '2017-09-14 10:56:56'),(28, '显宽', '1', 28, '2017-09-14 10:59:12'),(33, '内存', '1', 17, '2017-10-11 12:01:04'),(34, '处理器', '1', 17, '2017-10-11 12:01:05'),(35, '游戏本属性1', '1', 17, '2017-10-11 12:05:23'),(36, '游戏本属性2', '1', 17, '2017-10-11 12:06:01'),(37, '速度', '1', 29, '2017-11-01 17:06:31'),(38, '滚轮', '1', 29, '2017-11-01 17:07:58'),(39, '123', '1', 15, '2017-11-22 20:02:06'),(40, '123', '1', 15, '2017-11-22 20:02:06'),(41, '123123', '1', 15, '2017-11-22 20:05:40'),(42, '123', '1', 15, '2017-11-22 20:05:40'),(43, '身高', '1', 55, '2017-11-25 16:35:44'),(44, '体重', '1', 55, '2017-11-25 16:35:44'),(45, '特别属性1', '1', 28, '2017-11-28 08:52:04'),(46, '特别属性2', '1', 28, '2017-11-28 08:52:04'),(47, '三位', '1', 55, '2017-11-28 08:58:02'),(48, '颜值', '1', 55, '2017-11-28 08:58:03'),(49, NULL, '1', 12, '2017-11-29 11:53:29'),(50, NULL, '1', 12, '2017-11-29 11:53:29'),(51, '处理器a', '1', 17, '2017-12-16 10:26:44'),(52, '显卡a', '1', 17, '2017-12-16 10:27:37'),(53, '显卡', '1', 17, '2018-01-08 12:19:53'),(54, '内存', '1', 17, '2018-01-08 12:19:53'),(55, '处理器', '1', 16, '2018-01-10 11:29:01'),(56, '内存', '1', 16, '2018-01-10 11:29:01'),(57, '处理器', '1', 16, '2018-01-10 11:30:41'),(58, '内存', '1', 16, '2018-01-10 11:30:41'),(59, '处理器', '1', 16, '2018-01-10 11:38:32'),(60, '内存', '1', 16, '2018-01-10 11:38:32'),(62, 'sxa', '1', 29, '2018-03-05 11:53:31'),(63, 'sxb', '1', 29, '2018-03-05 11:55:13'),(64, 'sxc', '1', 29, '2018-03-05 12:05:19'),(65, 'sxd', '1', 29, '2018-03-05 12:11:20'),(66, 'sxa', '1', 16, '2018-03-05 12:13:14'),(67, 'sxa', '1', 17, '2018-03-05 12:14:59'),(68, '显像管', '1', 23, '2018-03-24 12:14:01'),(69, '功效', '1', 23, '2018-03-24 12:14:39'),(71, '123', '1', 28, '2018-03-27 10:15:09'),(72, '显像管', '1', 28, '2018-03-27 10:16:35'),(73, '功效', '1', 28, '2018-03-27 10:16:36'),(78, '显像管', '1', 17, '2018-03-27 10:39:51'),(79, '功效', '1', 17, '2018-03-27 10:39:52'),(80, '显像管', '1', 16, '2018-03-27 10:42:29'),(81, '功效', '1', 16, '2018-03-27 10:42:29'),(82, '显像管', '1', 16, '2018-03-27 10:56:55'),(83, '功效', '1', 16, '2018-03-27 10:56:55'),(88, '内存', '1', 16, '2018-11-25 22:02:15'),(89, '', '1', 16, '2018-11-25 22:02:16'),(90, '测试', '1', 28, '2018-12-01 20:14:16'),(91, '测试3', '1', 28, '2018-12-01 20:20:28'),(92, '测试', '1', 28, '2018-12-01 20:24:35'),(98, '测试', '1', 28, '2018-12-01 21:41:08'),(99, '测试3', '1', 28, '2018-12-01 21:44:00');
UNLOCK TABLES;
COMMIT;
BEGIN;
LOCK TABLES `t_mall`.`brand` WRITE;
DELETE FROM `t_mall`.`brand`;
INSERT INTO `t_mall`.`brand` (`id`,`name`,`url`) VALUES (1, 'apple', NULL),(2, 'lenovo', NULL),(3, '骆驼', NULL),(4, '波司登', NULL),(8, '华为', NULL),(9, '欧莱雅', NULL),(10, '沙宣', NULL),(13, '阿迪达斯', NULL),(14, '耐克', NULL),(18, '华为', NULL),(19, '宏基', NULL),(20, '外星人', NULL),(21, '欧莱雅', NULL),(22, '美的Midea', NULL),(23, '劳力士', NULL),(24, '天梭', NULL),(25, '卡地亚Carter', NULL),(26, '江诗丹顿', NULL),(27, '瑞士军刀', NULL),(28, 'LV', NULL),(29, '诺基亚', NULL),(30, '三鹿', NULL),(31, '蒙牛', NULL),(32, '伊利', NULL);
UNLOCK TABLES;
COMMIT;
BEGIN;
LOCK TABLES `t_mall`.`cart` WRITE;
DELETE FROM `t_mall`.`cart`;
INSERT INTO `t_mall`.`cart` (`id`,`sku_name`,`unit_price`,`number`,`total_price`,`user_id`,`product_id`,`create_time`,`sku_id`,`product_pic`,`status`,`address`) VALUES (3, '小明联想低端配置系列显示器14寸100瓦功率', 9999, 3, 29997, 1, 8, '2018-12-09 19:51:45', 1, '1491986138116u=2528461445,241269007&fm=23&gp=0.jpg', '1', '昌平区北七家大仓库'),(4, '联想测试游戏本2018', 2018, 4, 8072, 1, 25, '2018-12-10 09:36:03', 45, '1509440516200bbb.jpg', '0', '尚硅谷'),(5, '联想一级系列显示器省钱王2', 2222, 2, 2222, 1, 8, '2018-12-10 09:52:37', 20, '1491986138116u=2528461445,241269007&fm=23&gp=0.jpg', '0', '北京天意小商品批发市场'),(6, '联想高端系列显示器500瓦45寸', 8880, 4, 35520, 1, 6, '2018-12-10 09:54:56', 3, '1491985960210u=1986847822,526015344&fm=23&gp=0.jpg', '0', '北京天意小商品批发市场'),(7, '联想显示器sku名称', 1000, 2, 1000, 1, 8, '2018-12-10 10:00:15', 46, '1491986138116u=2528461445,241269007&fm=23&gp=0.jpg', '1', '北七家尚硅谷教学楼'),(8, '联想III系列高配置分辨率显示屏', 6000, 1, 6000, 1, 6, '2018-12-20 09:54:24', 29, '1491985960210u=1986847822,526015344&fm=23&gp=0.jpg', '1', '天意小商品批发市场'),(9, '联想测试系列006', 123, 1, 123, 1, 30, '2019-01-01 22:13:33', 44, '1509531186541ddd.jpg', '1', '昌平区仓库'),(10, '华为I系列24寸非曲面显示器', 4555, 1, 4555, 1, 9, '2019-01-01 22:15:00', 7, '1492090141522u=3279637596,1383743164&fm=23&gp=0.jpg', '1', '北京天意小商品批发市场');
UNLOCK TABLES;
COMMIT;
BEGIN;
LOCK TABLES `t_mall`.`class1` WRITE;
DELETE FROM `t_mall`.`class1`;
INSERT INTO `t_mall`.`class1` (`id`,`name`) VALUES (6, '服装鞋帽'),(7, '家用电器'),(8, '电脑办公'),(9, '清洁用品'),(10, '母婴玩具'),(11, '手机数码'),(12, '图书音像'),(13, '鞋靴箱包'),(14, '户外钟表'),(15, '食品烟酒');
UNLOCK TABLES;
COMMIT;
BEGIN;
LOCK TABLES `t_mall`.`class2` WRITE;
DELETE FROM `t_mall`.`class2`;
INSERT INTO `t_mall`.`class2` (`id`,`name`,`class1`) VALUES (11, '男装', 6),(12, '女装', 6),(13, '童装', 6),(14, '冰箱', 7),(15, '洗衣机', 7),(16, '笔记本', 8),(17, '游戏本', 8),(18, '洗发', 9),(19, '护肤', 9),(20, '牙膏牙刷', 9),(21, '内衣', 6),(22, '配饰', 6),(23, '电视', 7),(24, '空调', 7),(25, '手机', 11),(26, '数码相机', 11),(27, '耳机', 11),(28, '显示器', 8),(29, '鼠标', 8),(30, '键盘', 8),(31, '路由器', 8),(32, '平板电脑', 8),(33, '时尚女鞋', 13),(34, '流行男鞋', 13),(35, '箱包', 13),(36, '音箱', 12),(37, '教材', 12),(38, '杂志', 12),(39, '电子书', 12),(40, '科学纪录片', 12),(41, '游戏机', 11),(42, '奶粉', 10),(43, '玩具', 10),(44, '婴儿车', 10),(45, '乐器', 10),(46, '跑步机', 14),(47, '钟表', 14),(48, '球类', 14),(49, '乐器', 14),(50, '钓鱼用品', 14),(51, '水果', 15),(52, '中外名酒', 15),(53, '茶类', 15),(54, '飞机', 7),(55, '其他', 7);
UNLOCK TABLES;
COMMIT;
BEGIN;
LOCK TABLES `t_mall`.`order_info` WRITE;
DELETE FROM `t_mall`.`order_info`;
INSERT INTO `t_mall`.`order_info` (`id`,`order_id`,`sku_id`,`sku_name`,`sku_price`,`sku_number`,`sku_address`,`create_time`) VALUES (100, 58, 1, '小明联想低端配置系列显示器14寸100瓦功率', 100, 1, '昌平区北七家大仓库', '2018-03-16 12:07:17'),(101, 59, 1, '小明联想低端配置系列显示器14寸100瓦功率', 100, 1, '昌平区北七家大仓库', '2018-03-16 12:09:50'),(102, 60, 1, '小明联想低端配置系列显示器14寸100瓦功率', 100, 1, '昌平区北七家大仓库', '2018-03-16 12:12:03'),(103, 61, 1, '小明联想低端配置系列显示器14寸100瓦功率', 100, 1, '昌平区北七家大仓库', '2018-03-17 09:16:34'),(104, 62, 1, '小明联想低端配置系列显示器14寸100瓦功率', 100, 1, '昌平区北七家大仓库', '2018-03-17 09:22:58'),(105, 63, 1, '小明联想低端配置系列显示器14寸100瓦功率', 100, 1, '昌平区北七家大仓库', '2018-03-17 09:23:37'),(106, 64, 1, '小明联想低端配置系列显示器14寸100瓦功率', 100, 1, '昌平区北七家大仓库', '2018-03-17 09:33:48'),(107, 65, 1, '小明联想低端配置系列显示器14寸100瓦功率', 100, 1, '昌平区北七家大仓库', '2018-03-17 09:57:59'),(108, 66, 2, '小明联想中端系列显示器200瓦15寸', 43330, 1, '昌平区北七家大仓库', '2018-03-17 11:56:57'),(109, 67, 1, '小明联想低端配置系列显示器14寸100瓦功率', 100, 1, '昌平区北七家大仓库', '2018-03-17 11:57:48'),(110, 68, 1, '小明联想低端配置系列显示器14寸100瓦功率', 100, 1, '昌平区北七家大仓库', '2018-03-17 12:12:21'),(111, 69, 1, '小明联想低端配置系列显示器14寸100瓦功率', 100, 1, '昌平区北七家大仓库', '2018-03-17 12:14:40'),(112, 70, 2, '小明联想中端系列显示器200瓦15寸', 43330, 1, '昌平区北七家大仓库', '2018-03-17 12:24:59'),(113, 71, 8, '华为II系列15寸屏幕显示器', 1555, 1, '北京天意小商品批发市场', '2018-03-19 09:41:26'),(114, 72, 2, '小明联想中端系列显示器200瓦15寸', 43330, 2, '昌平区北七家大仓库', '2018-11-21 09:09:47'),(115, 73, 1, '小明联想低端配置系列显示器14寸100瓦功率', 100, 5, '昌平区北七家大仓库', '2018-11-21 09:32:50'),(116, 74, 3, '联想高端系列显示器500瓦45寸', 8880, 2, '北京天意小商品批发市场', '2018-11-21 10:21:34'),(117, 75, 3, '联想高端系列显示器500瓦45寸', 8880, 2, '北京天意小商品批发市场', '2018-11-21 10:22:17'),(118, 76, 1, '小明联想低端配置系列显示器14寸100瓦功率', 9999, 1, '昌平区北七家大仓库', '2018-11-21 10:25:31'),(119, 77, 1, '小明联想低端配置系列显示器14寸100瓦功率', 9999, 1, '昌平区北七家大仓库', '2018-11-21 10:30:08'),(120, 78, 1, '小明联想低端配置系列显示器14寸100瓦功率', 9999, 1, '昌平区北七家大仓库', '2018-11-21 10:31:55'),(121, 79, 1, '小明联想低端配置系列显示器14寸100瓦功率', 9999, 1, '昌平区北七家大仓库', '2018-11-21 10:32:32'),(122, 80, 1, '小明联想低端配置系列显示器14寸100瓦功率', 9999, 1, '昌平区北七家大仓库', '2018-11-21 10:34:10'),(123, 81, 1, '小明联想低端配置系列显示器14寸100瓦功率', 9999, 1, '昌平区北七家大仓库', '2018-11-21 10:35:47'),(124, 82, 1, '小明联想低端配置系列显示器14寸100瓦功率', 9999, 1, '昌平区北七家大仓库', '2018-11-21 10:38:32'),(125, 83, 1, '小明联想低端配置系列显示器14寸100瓦功率', 9999, 1, '昌平区北七家大仓库', '2018-11-21 10:54:28'),(126, 84, 1, '小明联想低端配置系列显示器14寸100瓦功率', 9999, 1, '昌平区北七家大仓库', '2018-11-21 11:07:20'),(127, 85, 1, '小明联想低端配置系列显示器14寸100瓦功率', 9999, 1, '昌平区北七家大仓库', '2018-11-21 11:12:19'),(128, 86, 1, '小明联想低端配置系列显示器14寸100瓦功率', 9999, 1, '昌平区北七家大仓库', '2018-11-21 11:17:04'),(132, 93, 22, '华为一级系列显示器省钱王', 123123, 1, '北京天意小商品批发市场', '2018-12-20 16:07:03'),(133, 94, 25, '华为III系列高配置分辨率显示屏', 6000, 1, '北京天意小商品批发市场', '2018-12-20 16:10:25'),(134, 95, 10, '外星人高分辨率曲面显示器', 10000, 2, '昌平区北七家大仓库', '2018-12-20 16:16:12');
UNLOCK TABLES;
COMMIT;
BEGIN;
LOCK TABLES `t_mall`.`orders` WRITE;
DELETE FROM `t_mall`.`orders`;
INSERT INTO `t_mall`.`orders` (`id`,`user_id`,`price`,`recipient`,`address`,`create_time`) VALUES (58, 6, 100, '猴哥', '花果山', '2018-03-16 12:07:17'),(59, 6, 100, '猴哥', '花果山', '2018-03-16 12:09:50'),(60, 6, 100, '猴哥', '花果山', '2018-03-16 12:12:03'),(61, 6, 100, '莱哥', '天竺寺', '2018-03-17 09:16:34'),(62, 6, 100, '莱哥', '天竺寺', '2018-03-17 09:22:58'),(63, 6, 100, '莱哥', '天竺寺', '2018-03-17 09:23:37'),(64, 6, 100, '猴哥', '花果山', '2018-03-17 09:33:48'),(65, 6, 100, '莱哥', '天竺寺', '2018-03-17 09:57:58'),(66, 6, 43330, '猴哥', '花果山', '2018-03-17 11:56:57'),(67, 6, 100, '莱哥', '天竺寺', '2018-03-17 11:57:48'),(68, 6, 100, '莱哥', '天竺寺', '2018-03-17 12:12:21'),(69, 6, 100, '莱哥', '天竺寺', '2018-03-17 12:14:40'),(70, 6, 43330, '猴哥', '花果山', '2018-03-17 12:24:59'),(71, 6, 1555, '莱哥', '天竺寺', '2018-03-19 09:41:26'),(72, 1, 86660, '八戒', '高老庄', '2018-11-21 09:09:46'),(73, 1, 49995, '师傅', '东土大唐', '2018-11-21 09:32:50'),(74, 1, 17760, '师傅', '东土大唐', '2018-11-21 10:21:34'),(75, 1, 17760, '师傅', '东土大唐', '2018-11-21 10:22:17'),(76, 1, 9999, '八戒', '高老庄', '2018-11-21 10:25:30'),(77, 1, 9999, '八戒', '高老庄', '2018-11-21 10:30:08'),(78, 1, 9999, '八戒', '高老庄', '2018-11-21 10:31:55'),(79, 1, 9999, '师傅', '东土大唐', '2018-11-21 10:32:32'),(80, 1, 9999, '八戒', '高老庄', '2018-11-21 10:34:10'),(81, 1, 9999, '八戒', '高老庄', '2018-11-21 10:35:47'),(82, 1, 9999, '八戒', '高老庄', '2018-11-21 10:38:32'),(83, 1, 9999, '八戒', '高老庄', '2018-11-21 10:54:27'),(84, 1, 9999, '八戒', '高老庄', '2018-11-21 11:07:20'),(85, 1, 9999, '八戒', '高老庄', '2018-11-21 11:12:19'),(86, 1, 9999, '八戒', '高老庄', '2018-11-21 11:17:04'),(87, 1, 123123, '张三', '江苏科技大学', '2018-12-20 15:28:01'),(93, 1, 123123, '张三', '江苏科技大学', '2018-12-20 16:07:03'),(94, 1, 6000, '张三', '江苏科技大学', '2018-12-20 16:10:25'),(95, 1, 20000, '张三', '江苏科技大学', '2018-12-20 16:16:12');
UNLOCK TABLES;
COMMIT;
BEGIN;
LOCK TABLES `t_mall`.`product` WRITE;
DELETE FROM `t_mall`.`product`;
INSERT INTO `t_mall`.`product` (`id`,`name`,`pic`,`class1`,`class2`,`brand_id`,`create_time`,`describes`) VALUES (6, '联想高端系列显示器', '1491985960210u=1986847822,526015344&fm=23&gp=0.jpg', 8, 28, 2, '2017-04-12 16:32:40', '高配置，土豪的定制，联想高端系列显示器'),(7, '联想中低端系列显示器', '1491986072915u=3073007440,1268514512&fm=23&gp=0.jpg', 8, 28, 2, '2017-04-12 16:34:32', '高性价比，高配置，老百姓的首选'),(8, '联想低端系列显示器', '1491986138116u=2528461445,241269007&fm=23&gp=0.jpg', 8, 28, 2, '2017-04-12 16:35:38', '低价格，很贴心，有品质'),(9, '华为I系列纯平显示器', '1492090141522u=3279637596,1383743164&fm=23&gp=0.jpg', 8, 28, 18, '2017-04-13 21:29:01', '华为品牌，中国品质'),(10, '华为III系列纯平显示器', '1492090185160u=1986847822,526015344&fm=23&gp=0.jpg', 8, 28, 18, '2017-04-13 21:29:45', '华为品牌，中国品质,III系列'),(11, '华为II系列纯平显示器', '1492090266105u=4230786066,21615376&fm=23&gp=0.jpg', 8, 16, 18, '2017-04-13 21:31:06', '华为品牌，中国品质'),(12, '外星人高端配置显示器', '1492090350000u=1238273040,2060575675&fm=23&gp=0.jpg', 8, 28, 20, '2017-04-13 21:32:30', '外星人，高配置高价格'),(13, '小米II系列无人机', '1492090457217u=2462024849,196539317&fm=23&gp=0.jpg', 7, 54, 8, '2017-04-13 21:34:17', '小米无人机，最黑黑科技'),(14, '美的Midea无人机', '1492090512844u=536484099,1677243497&fm=23&gp=0.jpg', 7, 54, 22, '2017-04-13 21:35:12', '美的Midea无人机,除了空调还有无人机'),(19, '联想测试冰箱', '081b2ff0-e237-4d74-b0a2-3418e3eee567.jpg', 7, 15, 2, '2018-12-03 21:20:29', '测试'),(21, '测试spu名称', 'c99d2986-eae3-4a4b-8967-333d99a5ca1d.jpg', 7, 15, 2, '2018-12-03 20:50:01', '测试'),(22, '测试spu名称', '8a4e68dc-6beb-4513-98bf-63ebc840ea33.jpg', 7, 15, 2, '2018-12-03 20:55:25', '啊啊地方都是f'),(23, '测试联想游戏本1', '1795f2b6-dcae-45b3-bda9-c03501e39998.jpg', 8, 17, 2, '2018-11-28 15:42:33', '测试联想游戏本1'),(24, '测试联想游戏本1', 'f0774940-e297-47df-95ae-c24c572235a2.jpg', 8, 17, 2, '2018-11-28 15:04:19', '撒旦发射点发'),(25, '联想测试i游戏本', '1509440516200bbb.jpg', 8, 17, 2, '2017-10-31 17:02:27', '联想测试i游戏本'),(26, '阿斯顿', '1509442392047bbb.jpg', 6, 13, 4, '2017-10-31 17:33:12', '胜多负少'),(27, '阿斯顿', '1509442434888ccc.jpg', 9, 20, 10, '2017-10-31 17:33:55', 'sarf '),(28, '阿斯顿', '6677e8fe-45b1-4e76-b95d-1610a5ab3a50.jpg', 7, 23, 2, '2018-12-03 21:14:14', 'fasdf '),(29, '联想测试游戏本1', '1509531163118bbb.jpg', 8, 17, 2, '2017-11-01 18:12:43', '联想测试游戏本1'),(30, '联想测试游戏本2', '1509531186541ddd.jpg', 8, 17, 2, '2017-11-01 18:13:06', '联想测试游戏本2'),(31, '随便一个商品', 'ff76b0bf-08ba-49f3-b30d-9075d646aad1.jpg', 7, 23, 2, '2018-12-03 21:11:29', '随便一个商品'),(32, '随便一个商品', '63c38364-6065-45e8-94e1-47b794a1488b.jpg', 7, 24, 18, '2018-12-03 21:19:12', '啊大苏打'),(33, '华为abc游戏本', '1509778451705ccc.jpg', 8, 17, 18, '2017-11-04 14:54:11', '华为abc游戏本'),(34, '测试商品信息1', '9276ea58-4962-40f8-bcd7-8ddd2d478f7c.jpg', 7, 15, 2, '2018-12-03 21:03:01', '测试商品信息1'),(35, '华为高端显示器', '29a746d6-26d1-4a43-a09c-1bd0fb37d9ce.jpg', 8, 28, 18, '2018-12-03 21:39:48', '好好好好'),(36, '华为测试1', '76de2db8-30da-4352-ab4c-26ea9426354d.jpg', 8, 17, 18, '2018-12-03 21:21:45', '华为测试1'),(37, '美的女友', '1511598809073u=690264292,3421773180&fm=23&gp=0.jpg', 7, 55, 22, '2017-11-25 16:33:29', '美的女友，各种款式可选'),(38, '华为人工智能女友', '1511830842318u=2476027798,3173816752&fm=23&gp=0.jpg', 7, 55, 18, '2017-11-28 09:00:42', '华为人工智能女友，好啊'),(40, '测试商品5', '1512349685158a.gif', 7, 55, 22, '2017-12-04 09:08:05', '测试商品5'),(41, '测试商品5', 'c81481e5-f00e-4f99-a99f-78b95076afc5.jpg', 7, 15, 2, '2018-12-03 21:09:12', '测试'),(42, '联想系列笔记本电脑', '1722a2a0-314a-45a3-90f1-e093cb91151b.jpg', 8, 16, 2, '2018-12-03 21:29:49', '测试'),(43, '华为显示器', '393cbc6c-c88d-4cca-9839-38fefb994cfc.jpg', 8, 28, 18, '2018-11-28 15:01:26', '买到就是赚到'),(44, '联想高端游戏本', '60a28d6f-a88a-4267-87dd-95055f9a73a7.jpg', 8, 17, 2, '2018-12-03 21:48:17', '好东西!'),(50, '宏基2018新款显示器', 'bf81adfe-9d90-4b4e-932f-bbafe4e71f1c.jpg', 8, 28, 19, '2018-11-27 22:59:38', '宏基2018新款显示器，新品不打折扣'),(52, '洗发水', '', 5, 1, 1, '2018-11-24 13:08:48', ''),(54, 'Macbook', 'c5237fcc-9f58-41c1-88f8-10f99283354d.jpg', 8, 16, 1, '2018-12-03 22:03:05', '完美'),(55, 'Macbook air', 'fdf02303-2054-4bb1-a021-7d0740408a2a.jpg', 8, 16, 1, '2018-12-03 22:17:32', '值得你拥有'),(56, '洗发水', '6ffea2ad-ecdc-43c5-bffb-2ed50f9863e1.jpg', 9, 18, 9, '2018-12-03 22:21:21', '专治脱发'),(57, 'Macbook', '653f6b5c-badf-4f28-9512-e77b05cabe3a.jpg', 8, 16, 1, '2018-12-03 22:29:12', '1111'),(58, 'Macbook', '75db4a88-c1b7-41aa-a6eb-c630812d125e.jpg', 8, 16, 1, '2018-12-20 16:24:16', '好'),(59, 'Macbook air', 'e464cb9d-0ce3-4876-98c5-b1637cf1dc19.jpg', 8, 16, 1, '2018-12-20 16:26:30', '666666'),(60, '测试', '953a5207-9fe1-4900-9898-effb0de762aa.jpg', 8, 16, 18, '2018-12-20 16:28:10', '666');
UNLOCK TABLES;
COMMIT;
BEGIN;
LOCK TABLES `t_mall`.`product_image` WRITE;
DELETE FROM `t_mall`.`product_image`;
INSERT INTO `t_mall`.`product_image` (`id`,`function`,`product_id`,`url`) VALUES (22, '', 6, '1491985960210u=1986847822,526015344&fm=23&gp=0.jpg'),(23, '', 6, '1491985960212u=910918644,3968938767&fm=21&gp=0.jpg'),(24, '', 6, '1491985960215u=697005892,2279856665&fm=23&gp=0.jpg'),(25, '', 6, '1491985960217u=1829419258,1281228148&fm=23&gp=0.jpg'),(26, '', 6, '1491985960219u=1986847822,526015344&fm=23&gp=0.jpg'),(27, '', 7, '14919599201082w1231.jpg'),(28, '', 7, '1491986072918u=1567465564,365038548&fm=21&gp=0.jpg'),(29, '', 7, '1491986072920u=1158284051,2123775206&fm=23&gp=0.jpg'),(30, '', 7, '1491986072923u=2093778323,4064375747&fm=23&gp=0.jpg'),(31, '', 7, '1491986072926u=768317699,2912985599&fm=23&gp=0.jpg'),(32, '', 8, '149195992011212 (2).jpg'),(33, '', 8, '1491986138118u=910918644,3968938767&fm=21&gp=0.jpg'),(34, '', 8, '1491986138120u=2093778323,4064375747&fm=23&gp=0.jpg'),(35, '', 8, '1491986138123u=697005892,2279856665&fm=23&gp=0.jpg'),(36, '', 8, '1491986138125u=1567465564,365038548&fm=21&gp=0.jpg'),(37, '', 9, '1492090141522u=3279637596,1383743164&fm=23&gp=0.jpg'),(38, '', 9, '1492090141524u=768317699,2912985599&fm=23&gp=0.jpg'),(39, '', 9, '1492090141526u=910918644,3968938767&fm=21&gp=0.jpg'),(40, '', 9, '1492090141529u=4230786066,21615376&fm=23&gp=0.jpg'),(41, '', 9, '1491986072915u=3073007440,1268514512&fm=23&gp=0.jpg'),(42, '', 10, '1492090185160u=1986847822,526015344&fm=23&gp=0.jpg'),(43, '', 10, '1492090185163u=612772251,2395823516&fm=23&gp=0.jpg'),(44, '', 10, '1492090185168u=326539897,4239692692&fm=21&gp=0.jpg'),(45, '', 10, '1492090185170u=768317699,2912985599&fm=23&gp=0.jpg'),(46, '', 10, '1492090185173u=768317699,2912985599&fm=23&gp=0.jpg'),(47, '', 11, '1492090266105u=4230786066,21615376&fm=23&gp=0.jpg'),(48, '', 11, '1492090266110u=697005892,2279856665&fm=23&gp=0.jpg'),(49, '', 11, '1492090266114u=326539897,4239692692&fm=21&gp=0.jpg'),(50, '', 11, '1492090266117u=768317699,2912985599&fm=23&gp=0.jpg'),(51, '', 11, '14919599201082w1231.jpg'),(52, '', 12, '1492090350000u=1238273040,2060575675&fm=23&gp=0.jpg'),(53, '', 12, '1492090350003u=612772251,2395823516&fm=23&gp=0.jpg'),(54, '', 12, '1492090350006u=768317699,2912985599&fm=23&gp=0.jpg'),(55, '', 12, '1492090350009u=326539897,4239692692&fm=21&gp=0.jpg'),(56, '', 12, '1492090350011u=252043130,4006861356&fm=21&gp=0.jpg'),(57, '', 13, '1492090457217u=2462024849,196539317&fm=23&gp=0.jpg'),(58, '', 13, '1492090457219u=128286021,1308925669&fm=23&gp=0.jpg'),(59, '', 13, '1492090457221u=536484099,1677243497&fm=23&gp=0.jpg'),(60, '', 13, '1492090457223u=866145389,1046219503&fm=72.jpg'),(61, '', 13, '1492090457225u=209986129,198077049&fm=23&gp=0.jpg'),(62, '', 14, '1492090512844u=536484099,1677243497&fm=23&gp=0.jpg'),(63, '', 14, '1492090512847u=128286021,1308925669&fm=23&gp=0.jpg'),(64, '', 14, '1492090512849u=866145389,1046219503&fm=72.jpg'),(65, '', 14, '1492090512852u=536484099,1677243497&fm=23&gp=0.jpg'),(66, '', 14, '1492090512854'),(77, '1', 19, '1505277578740index.jpg'),(78, '1', 19, '1505277578742u=1897777990,21039689&fm=21&gp=0.jpg'),(81, '1', 21, '1507609265475a.gif'),(82, '1', 21, '1507609265479a.gif'),(83, '1', 21, '1507609265481a.gif'),(84, '1', 22, '1507609379643a.gif'),(85, '1', 22, '1507609379654a.gif'),(86, '1', 22, '1507609379658a.gif'),(87, '1', 23, '1507870193544'),(88, '1', 24, '1507870322161'),(89, '1', 25, '1509440516200bbb.jpg'),(90, '1', 25, '1509440516201ddd.jpg'),(91, '1', 25, '1509440516202indexss.jpg'),(92, '1', 26, '1509442392047bbb.jpg'),(93, '1', 26, '1509442392048index.jpg'),(94, '1', 26, '1509442392050ddd.jpg'),(95, '1', 27, '1509442434888ccc.jpg'),(96, '1', 28, '1509442646830bbb.jpg'),(97, '1', 29, '1509531163118bbb.jpg'),(98, '1', 29, '1509531163120ddd.jpg'),(99, '1', 29, '1509531163122indexss.jpg'),(100, '1', 29, '1509531163124u=2004120076,3055615118&fm=21&gp=0.jpg'),(101, '1', 29, '1509531163125ccc.jpg'),(102, '1', 30, '1509531186541ddd.jpg'),(103, '1', 30, '1509531186542u=2788266912,1008059520&fm=21&gp=0.jpg'),(104, '1', 30, '1509531186542index2.jpg'),(105, '1', 30, '1509531186543u=680655970,999056049&fm=21&gp=0.jpg'),(106, '1', 30, '1509531186544ccc.jpg'),(107, '1', 31, '1509704778747a.gif'),(108, '1', 31, '1509704778748a.gif'),(109, '1', 31, '1509704778749a.gif'),(110, '1', 31, '1509704778750a.gif'),(111, '1', 32, '1509704833747a.gif'),(112, '1', 32, '1509704833749a.gif'),(113, '1', 33, '1509778451705ccc.jpg'),(114, '1', 33, '1509778451707indexss.jpg'),(115, '1', 33, '1509778451708u=2004120076,3055615118&fm=21&gp=0.jpg'),(116, '1', 33, '1509778451709aaa.jpg'),(117, '1', 34, '1510540319864a.gif'),(118, '1', 34, '1510540319866a.gif'),(119, '1', 34, '1510540319867a.gif'),(120, '1', 35, '1511351811863a.gif'),(121, '1', 36, '1511519573196a.gif'),(122, '1', 36, '1511519573198a.gif'),(123, '1', 36, '1511519573199a.gif'),(124, '1', 36, '1511519573200a.gif'),(125, '1', 37, '1511598809073u=690264292,3421773180&fm=23&gp=0.jpg'),(126, '1', 37, '1511598809132u=700768882,1204720653&fm=23&gp=0.jpg'),(127, '1', 37, '1511598809133u=3160163537,1290226115&fm=23&gp=0.jpg'),(128, '1', 37, '1511598809135u=3001215687,2293636599&fm=23&gp=0.jpg'),(129, '1', 37, '1511598809137u=4116505385,2387833853&fm=23&gp=0.jpg'),(130, '1', 38, '1511830842318u=2476027798,3173816752&fm=23&gp=0.jpg'),(131, '1', 38, '1511830842321u=3056370441,346208743&fm=23&gp=0.jpg'),(132, '1', 38, '1511830842322u=1918711925,4053975140&fm=23&gp=0.jpg'),(133, '1', 38, '1511830842323u=3243114574,1688598941&fm=23&gp=0.jpg'),(137, '1', 40, '1512349685158a.gif'),(138, '1', 40, '1512349685162a.gif'),(139, '1', 41, '1512351028465a.gif'),(140, '1', 42, '1513306047771ccc.jpg'),(141, '1', 42, '1513306047777eee.jpg'),(142, '1', 42, '1513306047782index.jpg'),(143, '1', 43, '1513567181973a.gif'),(144, '1', 43, '1513567181978a.gif'),(145, '1', 44, '1513567315202a.gif'),(152, '1', 50, '1519957210741_eee.jpg'),(153, '1', 50, '1519957210743_u=2047053841,1818429047&fm=21&gp=0.jpg'),(154, '1', 50, '1519957210745_index2.jpg'),(159, '1', 54, 'df78fd50-6130-4aba-8603-1de7ca3c8bc6.jpg'),(160, '1', 55, 'fdf02303-2054-4bb1-a021-7d0740408a2a.jpg'),(161, '1', 56, '6ffea2ad-ecdc-43c5-bffb-2ed50f9863e1.jpg'),(162, '1', 57, '653f6b5c-badf-4f28-9512-e77b05cabe3a.jpg'),(163, '1', 58, '75db4a88-c1b7-41aa-a6eb-c630812d125e.jpg'),(164, '1', 59, 'e464cb9d-0ce3-4876-98c5-b1637cf1dc19.jpg'),(165, '1', 60, '953a5207-9fe1-4900-9898-effb0de762aa.jpg');
UNLOCK TABLES;
COMMIT;
BEGIN;
LOCK TABLES `t_mall`.`sku` WRITE;
DELETE FROM `t_mall`.`sku`;
INSERT INTO `t_mall`.`sku` (`id`,`product_id`,`number`,`price`,`create_time`,`name`,`sales`,`address`) VALUES (1, 8, 5, 9999.00, '2017-04-13 21:36:20', '小明联想低端配置系列显示器14寸100瓦功率', 27, '昌平区北七家大仓库'),(2, 7, 0, 43330.00, '2017-04-13 21:44:56', '小明联想中端系列显示器200瓦15寸', 8, '昌平区北七家大仓库'),(3, 6, 4, 8880.00, '2017-04-13 21:46:19', '联想高端系列显示器500瓦45寸', 13, '北京天意小商品批发市场'),(4, 6, 8, 8877.00, '2017-04-13 21:50:29', '联想高端系列显示器24寸曲面', 102, '昌平区北七家大仓库'),(5, 7, 99, 3555.00, '2017-04-13 21:57:12', '联想中端系列24寸非曲面显示器', 33, '昌平区北七家大仓库'),(6, 9, 99, 3333.00, '2017-04-13 22:00:59', '华为I系列24寸曲面显示器', 5, '北京天意小商品批发市场'),(7, 9, 100, 4555.00, '2017-04-13 22:01:36', '华为I系列24寸非曲面显示器', 5, '北京天意小商品批发市场'),(8, 10, 99, 1555.00, '2017-04-13 22:02:26', '华为II系列15寸屏幕显示器', 7, '北京天意小商品批发市场'),(9, 12, 99, 9999.00, '2017-04-13 22:03:07', '外星人高分辨率非曲面显示器', 91, '昌平区北七家大仓库'),(10, 12, 100, 10000.00, '2017-04-13 22:03:59', '外星人高分辨率曲面显示器', 23, '昌平区北七家大仓库'),(11, 9, 99, 1555.00, '2017-04-13 22:05:13', '华为I系列15寸非曲面显示器', 901, '北京天意小商品批发市场'),(12, 8, 0, 3555.00, '2017-04-13 22:05:56', '联想低端配置系列显示器24寸200瓦功率', 146, '昌平区北七家大仓库'),(13, 13, 100, 20000.00, '2017-04-13 22:07:03', '小米4驱动II系列无人机', 50, '北京天意小商品批发市场'),(14, 14, 100, 3555.00, '2017-04-13 22:07:39', '美的四轮无人机', 2, '北京天意小商品批发市场'),(15, 13, 100, 10000.00, '2017-04-13 22:08:15', '小米8驱动无人机', 6, '昌平区北七家大仓库'),(16, 12, 98, 20000.00, '2017-04-14 14:15:51', '外星人非曲面高端45寸显示器', 2, '昌平区北七家大仓库'),(17, 7, 100, 3555.00, '2017-04-15 09:13:32', '联想中低端系列LCD显示屏显示屏', 0, '昌平区北七家大仓库'),(18, 12, 89, 99.00, '2017-05-06 14:39:45', '外星人iso屏幕显示器', 1, '昌平区北七家上硅谷'),(19, 7, 11, 2222.00, '2017-05-28 10:52:48', '联想一级系列显示器省钱王', 0, '北京天意小商品批发市场'),(20, 8, 11, 2222.00, '2017-05-28 10:55:35', '联想一级系列显示器省钱王2', 0, '北京天意小商品批发市场'),(21, 12, 11, 2222.00, '2017-05-28 11:02:33', '外星人一级系列显示器省钱王', 0, '北京天意小商品批发市场'),(22, 10, 11, 123123.00, '2017-05-28 11:08:29', '华为一级系列显示器省钱王', 0, '北京天意小商品批发市场'),(23, 12, 11, 123123.00, '2017-05-28 11:13:45', '外星人一级系列显示器省钱王2', 0, '北京天意小商品批发市场'),(24, 12, 9, 10001.00, '2017-06-30 16:00:42', '外星人全景vr高端显示器', 0, '北京天意小商品批发市场'),(25, 10, 1, 6000.00, '2017-09-16 08:47:22', '华为III系列高配置分辨率显示屏', 0, '北京天意小商品批发市场'),(26, 7, 123, 3333.00, '2017-09-16 12:03:38', '联想III系列高配置分辨率显示屏', NULL, '天意小商品批发市场'),(27, 10, 1, 6000.00, '2017-09-16 12:15:58', '华为III系列高配置分辨率显示屏', NULL, '天意小商品批发市场'),(28, 10, 1, 6000.00, '2017-09-16 12:17:05', '华为III系列高配置分辨率显示屏', NULL, '天意小商品批发市场'),(29, 6, 1, 6000.00, '2017-09-16 12:18:23', '联想III系列高配置分辨率显示屏', NULL, '天意小商品批发市场'),(30, 7, 123, 300.00, '2017-10-13 09:36:03', '联想测试显示器1', NULL, '天意小商品批发市场'),(31, 21, 123, 9000.00, '2017-10-29 10:13:18', '测试库存名称', NULL, '测试库存地址名称'),(32, 10, 123, 123.00, '2017-11-22 19:28:14', '123', NULL, '123'),(33, 9, 123, 123.00, '2017-11-22 20:20:54', '123', NULL, '123'),(34, 8, 123, 2.00, '2017-11-24 16:08:15', '测试产品1', NULL, '天意小商品批发市场'),(35, 37, 1, 10000.00, '2017-11-25 16:37:04', '张小虎', NULL, '北七家洪福科技园'),(36, 10, 1, 9999.00, '2017-11-28 08:55:23', '华为测试三系列特殊属性显示器', NULL, '北京昌平区仓库'),(37, 38, 1, 9999.00, '2017-11-28 09:02:13', '华为人工智能1', NULL, '北京昌平区仓库'),(38, 8, 122, 123.00, '2017-12-01 09:16:00', '测试商品2', NULL, '北七家大仓库'),(39, 8, 122, 123.00, '2017-12-01 09:19:14', '测试商品2', NULL, '北七家大仓库'),(40, 7, 122, 123.00, '2017-12-01 09:19:59', '测试商品2', NULL, '北七家大仓库'),(41, 7, 122, 123.00, '2017-12-01 09:21:18', '测试商品2', NULL, '北七家大仓库'),(42, 7, 122, 123.00, '2017-12-01 09:21:56', '测试商品3', NULL, '北七家大仓库'),(43, 30, 43432, 123.00, '2017-12-16 11:56:16', '联想测试系列006', NULL, '昌平区仓库'),(44, 30, 43432, 123.00, '2017-12-16 11:57:26', '联想测试系列006', NULL, '昌平区仓库'),(45, 25, 0, 2018.00, '2018-01-09 11:31:54', '联想测试游戏本2018', NULL, '尚硅谷'),(46, 8, 10, 1000.00, '2018-03-03 11:45:48', '联想显示器sku名称', NULL, '北七家尚硅谷教学楼'),(47, 8, 111, 33.00, '2018-03-26 11:24:45', '联想XX显示器只要998', NULL, '尚硅谷'),(48, 0, 0, 2000.00, '2018-11-24 16:59:37', '测试3', NULL, '镇江'),(49, 11, 0, 2000.00, '2018-11-24 17:07:01', '测试3', NULL, '镇江'),(50, 0, 0, 2000.00, '2018-11-24 17:08:37', '测试3', NULL, '镇江'),(51, 0, 0, 2000.00, '2018-11-24 17:09:32', '测试3', NULL, '镇江'),(52, 42, 0, 2000.00, '2018-11-24 17:13:10', '测试3', NULL, '镇江'),(53, 9, 20, 2000.00, '2018-12-02 17:41:11', '华为高端显示器', NULL, '镇江'),(54, 9, 20, 20000.50, '2018-12-02 17:44:26', '华为高端显示器', NULL, '镇江'),(55, 0, 20, 2000.00, '2018-12-02 18:30:10', '华为高端显示器', NULL, '镇江'),(56, 0, 20, 2000.00, '2018-12-02 18:36:24', '华为高端显示器', NULL, '镇江'),(57, 0, 20, 2000.00, '2018-12-02 18:38:52', '华为高端显示器', NULL, '镇江'),(58, 9, 20, 2000.00, '2018-12-02 18:52:42', '华为高端显示器', NULL, '镇江'),(59, 9, 20, 2000.00, '2018-12-02 18:53:57', '华为高端显示器', NULL, '镇江');
UNLOCK TABLES;
COMMIT;
BEGIN;
LOCK TABLES `t_mall`.`sku_attribute_value` WRITE;
DELETE FROM `t_mall`.`sku_attribute_value`;
INSERT INTO `t_mall`.`sku_attribute_value` (`id`,`sku_id`,`product_id`,`attr_id`,`value_id`,`is_sku`,`create_time`) VALUES (1, 1, 8, 13, 30, '1', '2017-04-13 21:36:25'),(2, 1, 8, 14, 33, '1', '2017-04-13 21:36:25'),(3, 1, 8, 15, 38, '1', '2017-04-13 21:36:25'),(4, 1, 8, 16, 40, '1', '2017-04-13 21:36:25'),(5, 1, 8, 17, 44, '1', '2017-04-13 21:36:25'),(6, 2, 7, 13, 31, '1', '2017-04-13 21:44:56'),(7, 2, 7, 14, 34, '1', '2017-04-13 21:44:56'),(8, 2, 7, 15, 39, '1', '2017-04-13 21:44:56'),(9, 2, 7, 16, 41, '1', '2017-04-13 21:44:56'),(10, 2, 7, 17, 45, '1', '2017-04-13 21:44:56'),(11, 3, 6, 13, 32, '1', '2017-04-13 21:46:19'),(12, 3, 6, 14, 37, '1', '2017-04-13 21:46:19'),(13, 3, 6, 15, 39, '1', '2017-04-13 21:46:19'),(14, 3, 6, 16, 43, '1', '2017-04-13 21:46:19'),(15, 3, 6, 17, 47, '1', '2017-04-13 21:46:19'),(16, 4, 6, 13, 31, '1', '2017-04-13 21:50:29'),(17, 4, 6, 14, 35, '1', '2017-04-13 21:50:29'),(18, 4, 6, 15, 38, '1', '2017-04-13 21:50:29'),(19, 4, 6, 16, 42, '1', '2017-04-13 21:50:29'),(20, 4, 6, 17, 46, '1', '2017-04-13 21:50:29'),(21, 5, 7, 13, 31, '1', '2017-04-13 21:57:12'),(22, 5, 7, 14, 35, '1', '2017-04-13 21:57:12'),(23, 5, 7, 15, 39, '1', '2017-04-13 21:57:12'),(24, 5, 7, 16, 41, '1', '2017-04-13 21:57:12'),(25, 5, 7, 17, 45, '1', '2017-04-13 21:57:12'),(26, 6, 9, 13, 32, '1', '2017-04-13 22:00:59'),(27, 6, 9, 14, 35, '1', '2017-04-13 22:00:59'),(28, 6, 9, 15, 38, '1', '2017-04-13 22:00:59'),(29, 6, 9, 16, 40, '1', '2017-04-13 22:00:59'),(30, 6, 9, 17, 45, '1', '2017-04-13 22:00:59'),(31, 7, 9, 13, 30, '1', '2017-04-13 22:01:36'),(32, 7, 9, 14, 34, '1', '2017-04-13 22:01:36'),(33, 7, 9, 15, 39, '1', '2017-04-13 22:01:36'),(34, 7, 9, 16, 41, '1', '2017-04-13 22:01:36'),(35, 7, 9, 17, 44, '1', '2017-04-13 22:01:36'),(36, 8, 10, 13, 31, '1', '2017-04-13 22:02:26'),(37, 8, 10, 14, 34, '1', '2017-04-13 22:02:26'),(38, 8, 10, 15, 39, '1', '2017-04-13 22:02:26'),(39, 8, 10, 16, 43, '1', '2017-04-13 22:02:26'),(40, 8, 10, 17, 44, '1', '2017-04-13 22:02:26'),(41, 9, 12, 13, 32, '1', '2017-04-13 22:03:07'),(42, 9, 12, 14, 37, '1', '2017-04-13 22:03:07'),(43, 9, 12, 15, 39, '1', '2017-04-13 22:03:07'),(44, 9, 12, 16, 43, '1', '2017-04-13 22:03:07'),(45, 9, 12, 17, 46, '1', '2017-04-13 22:03:07'),(46, 10, 12, 13, 31, '1', '2017-04-13 22:03:59'),(47, 10, 12, 14, 34, '1', '2017-04-13 22:03:59'),(48, 10, 12, 15, 38, '1', '2017-04-13 22:03:59'),(49, 10, 12, 16, 41, '1', '2017-04-13 22:03:59'),(50, 10, 12, 17, 45, '1', '2017-04-13 22:03:59'),(51, 11, 9, 13, 30, '1', '2017-04-13 22:05:13'),(52, 11, 9, 14, 34, '1', '2017-04-13 22:05:13'),(53, 11, 9, 15, 39, '1', '2017-04-13 22:05:13'),(54, 11, 9, 16, 43, '1', '2017-04-13 22:05:13'),(55, 11, 9, 17, 46, '1', '2017-04-13 22:05:13'),(56, 12, 8, 13, 31, '1', '2017-04-13 22:05:57'),(57, 12, 8, 14, 35, '1', '2017-04-13 22:05:57'),(58, 12, 8, 15, 38, '1', '2017-04-13 22:05:57'),(59, 12, 8, 16, 40, '1', '2017-04-13 22:05:57'),(60, 12, 8, 17, 45, '1', '2017-04-13 22:05:57'),(61, 13, 13, 18, 48, '1', '2017-04-13 22:07:03'),(62, 13, 13, 19, 51, '1', '2017-04-13 22:07:03'),(63, 13, 13, 20, 53, '1', '2017-04-13 22:07:03'),(64, 13, 13, 21, 56, '1', '2017-04-13 22:07:03'),(65, 14, 14, 18, 49, '1', '2017-04-13 22:07:39'),(66, 14, 14, 19, 51, '1', '2017-04-13 22:07:39'),(67, 14, 14, 20, 53, '1', '2017-04-13 22:07:39'),(68, 14, 14, 21, 57, '1', '2017-04-13 22:07:39'),(69, 14, 14, 22, 59, '1', '2017-04-13 22:07:39'),(70, 15, 13, 18, 48, '1', '2017-04-13 22:08:15'),(71, 15, 13, 19, 52, '1', '2017-04-13 22:08:15'),(72, 15, 13, 20, 53, '1', '2017-04-13 22:08:15'),(73, 15, 13, 21, 56, '1', '2017-04-13 22:08:15'),(74, 15, 13, 22, 59, '1', '2017-04-13 22:08:15'),(75, 16, 12, 13, 32, '1', '2017-04-14 14:15:51'),(76, 16, 12, 14, 37, '1', '2017-04-14 14:15:51'),(77, 16, 12, 15, 39, '1', '2017-04-14 14:15:51'),(78, 16, 12, 16, 43, '1', '2017-04-14 14:15:51'),(79, 17, 7, 13, 30, '1', '2017-04-15 09:13:32'),(80, 17, 7, 14, 34, '1', '2017-04-15 09:13:32'),(81, 17, 7, 15, 39, '1', '2017-04-15 09:13:32'),(82, 17, 7, 16, 42, '1', '2017-04-15 09:13:32'),(83, 17, 7, 17, 45, '1', '2017-04-15 09:13:32'),(84, 17, 7, 23, 62, '1', '2017-04-15 09:13:32'),(85, 18, 12, 13, 30, '1', '2017-05-06 14:39:45'),(86, 18, 12, 14, 33, '1', '2017-05-06 14:39:45'),(87, 18, 12, 15, 38, '1', '2017-05-06 14:39:45'),(88, 18, 12, 16, 40, '1', '2017-05-06 14:39:45'),(89, 18, 12, 17, 44, '1', '2017-05-06 14:39:45'),(90, 18, 12, 23, 63, '1', '2017-05-06 14:39:45'),(91, 19, 0, 13, 30, '1', '2017-05-28 10:52:48'),(92, 19, 0, 14, 33, '1', '2017-05-28 10:52:48'),(93, 19, 0, 15, 38, '1', '2017-05-28 10:52:48'),(94, 19, 0, 16, 40, '1', '2017-05-28 10:52:48'),(95, 19, 0, 17, 44, '1', '2017-05-28 10:52:48'),(96, 19, 0, 23, 61, '1', '2017-05-28 10:52:48'),(97, 20, 0, 13, 30, '1', '2017-05-28 10:55:35'),(98, 20, 0, 14, 33, '1', '2017-05-28 10:55:35'),(99, 20, 0, 15, 38, '1', '2017-05-28 10:55:35'),(100, 20, 0, 16, 40, '1', '2017-05-28 10:55:35'),(101, 20, 0, 17, 44, '1', '2017-05-28 10:55:35'),(102, 20, 0, 23, 61, '1', '2017-05-28 10:55:35'),(103, 21, 0, 13, 31, '1', '2017-05-28 11:02:33'),(104, 21, 0, 14, 35, '1', '2017-05-28 11:02:33'),(105, 21, 0, 15, 39, '1', '2017-05-28 11:02:33'),(106, 21, 0, 16, 42, '1', '2017-05-28 11:02:33'),(107, 21, 0, 17, 46, '1', '2017-05-28 11:02:33'),(108, 21, 0, 23, 62, '1', '2017-05-28 11:02:33'),(109, 22, 0, 13, 31, '1', '2017-05-28 11:08:29'),(110, 22, 0, 14, 34, '1', '2017-05-28 11:08:29'),(111, 22, 0, 15, 39, '1', '2017-05-28 11:08:29'),(112, 22, 0, 16, 43, '1', '2017-05-28 11:08:29'),(113, 22, 0, 17, 47, '1', '2017-05-28 11:08:29'),(114, 22, 0, 23, 63, '1', '2017-05-28 11:08:29'),(115, 23, 0, 13, 30, '1', '2017-05-28 11:13:46'),(116, 23, 0, 14, 33, '1', '2017-05-28 11:13:46'),(117, 23, 0, 15, 38, '1', '2017-05-28 11:13:46'),(118, 23, 0, 16, 40, '1', '2017-05-28 11:13:46'),(119, 24, 12, 13, 31, '1', '2017-06-30 16:00:42'),(120, 24, 12, 14, 34, '1', '2017-06-30 16:00:42'),(121, 24, 12, 15, 38, '1', '2017-06-30 16:00:42'),(122, 24, 12, 16, 0, '1', '2017-06-30 16:00:42'),(123, 24, 12, 17, 45, '1', '2017-06-30 16:00:42'),(124, 24, 12, 23, 62, '1', '2017-06-30 16:00:42'),(125, 24, 12, 24, 64, '1', '2017-06-30 16:00:42'),(126, 25, 10, 13, 32, '1', '2017-09-16 08:47:53'),(127, 25, 10, 14, 37, '1', '2017-09-16 08:47:53'),(128, 25, 10, 15, 39, '1', '2017-09-16 08:47:53'),(129, 25, 10, 16, 42, '1', '2017-09-16 08:47:53'),(130, 25, 10, 17, 46, '1', '2017-09-16 08:47:53'),(131, 25, 10, 23, 62, '1', '2017-09-16 08:47:53'),(132, 25, 10, 24, 65, '1', '2017-09-16 08:47:53'),(133, 26, 7, 13, 30, '1', '2017-09-16 12:03:38'),(134, 26, 7, 14, 33, '1', '2017-09-16 12:03:38'),(135, 26, 7, 15, 38, '1', '2017-09-16 12:03:38'),(136, 26, 7, 16, 40, '1', '2017-09-16 12:03:38'),(137, 27, 10, 13, 30, '1', '2017-09-16 12:15:58'),(138, 27, 10, 14, 33, '1', '2017-09-16 12:15:58'),(139, 28, 10, 13, 30, '1', '2017-09-16 12:17:05'),(140, 28, 10, 14, 34, '1', '2017-09-16 12:17:05'),(141, 29, 6, 0, 0, '1', '2017-09-16 12:18:23'),(142, 29, 6, 14, 33, '1', '2017-09-16 12:18:23'),(143, 29, 6, 15, 38, '1', '2017-09-16 12:18:23'),(144, 29, 6, 16, 40, '1', '2017-09-16 12:18:23'),(145, 30, 7, 13, 30, '1', '2017-10-13 09:36:25'),(146, 30, 7, 14, 33, '1', '2017-10-13 09:36:25'),(147, 30, 7, 15, 38, '1', '2017-10-13 09:36:25'),(148, 31, 21, 33, 78, '1', '2017-10-29 10:13:18'),(149, 31, 21, 34, 80, '1', '2017-10-29 10:13:18'),(150, 31, 21, 35, 82, '1', '2017-10-29 10:13:18'),(151, 31, 21, 36, 84, '1', '2017-10-29 10:13:18'),(188, 41, 7, 13, 31, '1', '2017-12-01 09:21:18'),(189, 41, 7, 14, 35, '1', '2017-12-01 09:21:18'),(190, 41, 7, 15, 39, '1', '2017-12-01 09:21:18'),(191, 42, 7, 13, 31, '1', '2017-12-01 09:21:57'),(192, 42, 7, 14, 35, '1', '2017-12-01 09:21:57'),(193, 42, 7, 15, 39, '1', '2017-12-01 09:21:57'),(200, 44, 30, 33, 78, '1', '2017-12-16 11:57:26'),(201, 44, 30, 34, 81, '1', '2017-12-16 11:57:26'),(202, 44, 30, 35, 83, '1', '2017-12-16 11:57:26'),(203, 44, 30, 36, 84, '1', '2017-12-16 11:57:26'),(204, 44, 30, 51, 115, '1', '2017-12-16 11:57:26'),(205, 44, 30, 52, 116, '1', '2017-12-16 11:57:26'),(206, 45, 25, 33, 79, '1', '2018-01-09 11:32:32'),(207, 45, 25, 34, 81, '1', '2018-01-09 11:32:32'),(208, 45, 25, 35, 82, '1', '2018-01-09 11:32:32'),(209, 45, 25, 36, 84, '1', '2018-01-09 11:32:32'),(210, 45, 25, 51, 114, '1', '2018-01-09 11:32:32'),(211, 46, 8, 13, 30, '1', '2018-03-03 11:46:11'),(212, 46, 8, 14, 33, '1', '2018-03-03 11:46:11'),(213, 46, 8, 15, 38, '1', '2018-03-03 11:46:11'),(214, 46, 8, 16, 40, '1', '2018-03-03 11:46:11'),(215, 47, 8, 13, 30, '1', '2018-03-26 11:25:06'),(216, 47, 8, 14, 33, '1', '2018-03-26 11:25:06'),(217, 47, 8, 15, 38, '1', '2018-03-26 11:25:06'),(218, 52, 42, 55, 122, '1', '2018-11-24 17:13:10'),(219, 53, 9, 13, 30, '1', '2018-12-02 17:41:11'),(220, 53, 9, 14, 33, '1', '2018-12-02 17:41:11'),(221, 53, 9, 15, 38, '1', '2018-12-02 17:41:11'),(222, 53, 9, 16, 40, '1', '2018-12-02 17:41:11'),(223, 53, 9, 17, 44, '1', '2018-12-02 17:41:11'),(224, 53, 9, 23, 61, '1', '2018-12-02 17:41:11'),(225, 53, 9, 24, 64, '1', '2018-12-02 17:41:11'),(226, 53, 9, 25, 66, '1', '2018-12-02 17:41:11'),(227, 53, 9, 26, 68, '1', '2018-12-02 17:41:11'),(228, 53, 9, 45, 102, '1', '2018-12-02 17:41:11'),(229, 53, 9, 46, 104, '1', '2018-12-02 17:41:11'),(230, 53, 9, 72, 156, '1', '2018-12-02 17:41:11'),(231, 53, 9, 73, 158, '1', '2018-12-02 17:41:11'),(232, 54, 9, 13, 30, '1', '2018-12-02 17:49:15'),(233, 54, 9, 14, 33, '1', '2018-12-02 17:49:15'),(234, 54, 9, 15, 38, '1', '2018-12-02 17:49:15'),(235, 54, 9, 16, 40, '1', '2018-12-02 17:49:15'),(236, 54, 9, 17, 44, '1', '2018-12-02 17:49:15'),(237, 54, 9, 23, 61, '1', '2018-12-02 17:49:15'),(238, 54, 9, 24, 64, '1', '2018-12-02 17:49:15'),(239, 54, 9, 25, 66, '1', '2018-12-02 17:49:15'),(240, 54, 9, 26, 68, '1', '2018-12-02 17:49:15'),(241, 54, 9, 45, 102, '1', '2018-12-02 17:49:15'),(242, 54, 9, 46, 104, '1', '2018-12-02 17:49:15'),(243, 54, 9, 72, 156, '1', '2018-12-02 17:49:15'),(244, 54, 9, 73, 158, '1', '2018-12-02 17:49:15'),(248, 61, 9, 13, 30, '1', '2018-12-02 18:57:21');
UNLOCK TABLES;
COMMIT;
BEGIN;
LOCK TABLES `t_mall`.`sku_pic` WRITE;
DELETE FROM `t_mall`.`sku_pic`;
UNLOCK TABLES;
COMMIT;
BEGIN;
LOCK TABLES `t_mall`.`tm_class` WRITE;
DELETE FROM `t_mall`.`tm_class`;
INSERT INTO `t_mall`.`tm_class` (`Id`,`pp_id`,`flbh1`) VALUES (1, 8, 7),(2, 1, 8),(3, 9, 9),(4, 3, 6),(5, 2, 7),(6, 2, 8),(7, 10, 9),(8, 4, 6),(9, 13, 6),(10, 14, 6),(11, 13, 13),(12, 13, 14),(13, 14, 13),(14, 14, 14),(15, 18, 7),(16, 18, 8),(17, 18, 11),(18, 19, 8),(19, 19, 11),(20, 20, 8),(21, 21, 9),(22, 22, 7),(23, 23, 14),(24, 24, 14),(25, 25, 14),(26, 26, 14),(27, 27, 13),(28, 28, 13),(29, 29, 11),(30, 30, 10),(31, 30, 15),(32, 31, 10),(33, 31, 15),(34, 32, 10),(35, 32, 15);
UNLOCK TABLES;
COMMIT;
BEGIN;
LOCK TABLES `t_mall`.`user` WRITE;
DELETE FROM `t_mall`.`user`;
INSERT INTO `t_mall`.`user` (`id`,`username`,`password`,`name`,`phone`,`email`) VALUES (1, 'lilei', '123', '测试b2c', '123123123123', '123@11.com'),(7, '6', '123', '123', '123123', '1231'),(8, 'admin', '123456', NULL, '18852895100', NULL),(9, '测试123', '111111', NULL, '18852895100', NULL);
UNLOCK TABLES;
COMMIT;
BEGIN;
LOCK TABLES `t_mall`.`value` WRITE;
DELETE FROM `t_mall`.`value`;
INSERT INTO `t_mall`.`value` (`id`,`value`,`status`,`attr_id`,`name`,`create_time`) VALUES (30, '1024×767', '1', 13, '像素', '2018-03-26 10:39:49'),(31, '1600×900', '1', 13, '像素', '2017-04-12 16:39:25'),(32, '1399×1024', '1', 13, '像素', '2017-04-12 16:39:25'),(33, '14.5', '1', 14, '寸', '2017-04-12 16:39:25'),(34, '15.5', '1', 14, '寸', '2017-04-12 16:39:25'),(35, '24', '1', 14, '寸', '2017-04-12 16:39:25'),(36, '29', '1', 14, '寸', '2017-04-12 16:39:25'),(37, '45', '1', 14, '寸', '2017-04-12 16:39:25'),(38, '曲面', '1', 15, '形', '2017-04-12 16:39:25'),(39, '非曲面', '1', 15, '形', '2017-04-12 16:39:25'),(40, '12', '1', 16, '色', '2017-04-12 16:39:25'),(41, '24', '1', 16, '色', '2017-04-12 16:39:25'),(42, '48', '1', 16, '色', '2017-04-12 16:39:25'),(43, '86', '1', 16, '色', '2017-04-12 16:39:25'),(44, '100', '1', 17, '瓦', '2017-04-12 16:39:25'),(45, '200', '1', 17, '瓦', '2017-04-12 16:39:25'),(46, '300', '1', 17, '瓦', '2017-04-12 16:39:25'),(47, '500', '1', 17, '毫安', '2017-04-12 16:39:25'),(48, '三', '1', 18, '翼', '2017-04-12 17:36:49'),(49, '四', '1', 18, '翼', '2017-04-12 17:36:49'),(50, '五', '1', 18, '翼', '2017-04-12 17:36:49'),(51, '四', '1', 19, '驱动', '2017-04-12 17:36:49'),(52, '八', '1', 19, '驱动', '2017-04-12 17:36:49'),(53, '1024', '1', 20, '像素', '2017-04-12 17:36:49'),(54, '2048', '1', 20, '像素', '2017-04-12 17:36:49'),(55, '4096', '1', 20, '像素', '2017-04-12 17:36:49'),(56, '轻', '1', 21, '炮', '2017-04-12 17:36:49'),(57, '中', '1', 21, '炮', '2017-04-12 17:36:49'),(58, '100', '1', 22, '立方', '2017-04-12 17:36:49'),(59, '200', '1', 22, '立方', '2017-04-12 17:36:49'),(60, '300', '1', 22, '立方', '2017-04-12 17:36:49'),(61, 'LED', '1', 23, '显示屏', '2017-04-15 09:06:35'),(62, 'LCD', '1', 23, '显示屏', '2017-04-15 09:06:35'),(63, 'IOS', '1', 23, '显示屏', '2017-04-15 09:06:35'),(64, '全景', '1', 24, 'VR', '2017-06-30 15:59:37'),(65, '影院', '1', 24, 'VR', '2017-06-30 15:59:37'),(66, '1', '1', 25, '厘米', '2017-09-14 10:55:55'),(67, '2', '1', 25, '厘米', '2017-09-14 10:55:55'),(68, '3', '1', 26, '米', '2017-09-14 10:55:57'),(69, '4', '1', 26, '米', '2017-09-14 10:55:57'),(78, '1', '1', 33, 'MB', '2017-10-11 12:01:04'),(79, '2', '1', 33, 'MB', '2017-10-11 12:01:04'),(80, '单', '1', 34, '核心', '2017-10-11 12:01:05'),(81, '双', '1', 34, '核心', '2017-10-11 12:01:05'),(82, '12', '1', 35, 'MB', '2017-10-11 12:05:44'),(83, '213', '1', 35, 'MB', '2017-10-11 12:05:44'),(84, '123', '1', 36, '核心', '2017-10-11 12:06:01'),(85, '123', '1', 36, '核心', '2017-10-11 12:06:01'),(86, '1000', '1', 37, 'dpi', '2017-11-01 17:07:51'),(87, '2000', '1', 37, 'dpi', '2017-11-01 17:07:51'),(88, '单', '1', 38, '轮', '2017-11-01 17:07:58'),(89, '双', '1', 38, '轮', '2017-11-01 17:07:58'),(90, '123', '1', 39, '123', '2017-11-22 20:02:06'),(91, '123', '1', 39, '123', '2017-11-22 20:02:06'),(92, '12', '1', 40, '123', '2017-11-22 20:02:06'),(93, '123', '1', 40, '123', '2017-11-22 20:02:06'),(94, '123', '1', 41, '123', '2017-11-22 20:05:40'),(95, '123', '1', 41, '123', '2017-11-22 20:05:40'),(96, '12', '1', 42, '123', '2017-11-22 20:05:40'),(97, '123', '1', 42, '123', '2017-11-22 20:05:40'),(98, '1', '1', 43, '米', '2017-11-25 16:35:44'),(99, '2', '1', 43, '米', '2017-11-25 16:35:44'),(100, '100', '1', 44, '斤', '2017-11-25 16:35:44'),(101, '200', '1', 44, '斤', '2017-11-25 16:35:44'),(102, '1000', '1', 45, '转', '2017-11-28 08:52:04'),(103, '2000', '1', 45, '转', '2017-11-28 08:52:04'),(104, '3000', '1', 46, '转', '2017-11-28 08:52:04'),(105, '4000', '1', 46, '转', '2017-11-28 08:52:04'),(106, '1000', '1', 47, '转', '2017-11-28 08:58:02'),(107, '2000', '1', 47, '转', '2017-11-28 08:58:02'),(108, '3000', '1', 48, '转', '2017-11-28 08:58:03'),(109, '4000', '1', 48, '转', '2017-11-28 08:58:03'),(110, NULL, '1', 49, '2', '2017-11-29 11:53:29'),(111, NULL, '1', 49, '2', '2017-11-29 11:53:29'),(112, NULL, '1', 50, '4', '2017-11-29 11:53:29'),(113, NULL, '1', 50, '5', '2017-11-29 11:53:29'),(114, '1', '1', 51, '核心', '2017-12-16 10:27:21'),(115, '2', '1', 51, '核心', '2017-12-16 10:27:21'),(116, '3', '1', 52, '核心', '2017-12-16 10:27:46'),(117, '4', '1', 52, '核心', '2017-12-16 10:27:46'),(118, '1000', '1', 53, 'TB', '2018-01-08 12:19:53'),(119, '2000', '1', 53, '转', '2018-01-08 12:19:53'),(120, '3000', '1', 54, 'MB', '2018-01-08 12:19:53'),(121, '4000', '1', 54, 'MB', '2018-01-08 12:19:53'),(122, '1', '1', 55, '核心', '2018-01-10 11:29:01'),(123, '2', '1', 55, '核心', '2018-01-10 11:29:01'),(124, '3', '1', 56, 'GB', '2018-01-10 11:29:01'),(125, '4', '1', 56, 'GB', '2018-01-10 11:29:01'),(126, '12', '1', 57, '核心', '2018-01-10 11:30:41'),(127, '2', '1', 57, '核心', '2018-01-10 11:30:41'),(128, '3', '1', 58, 'GB', '2018-01-10 11:30:41'),(129, '4', '1', 58, 'GB', '2018-01-10 11:30:41'),(130, '1', '1', 59, '核心', '2018-01-10 11:38:32'),(131, '2', '1', 59, '核心', '2018-01-10 11:38:32'),(132, '3', '1', 60, 'GB', '2018-01-10 11:38:32'),(133, '4', '1', 60, 'GB', '2018-01-10 11:38:32'),(136, '1', '1', 62, 'z', '2018-03-05 11:53:31'),(137, '2', '1', 62, 'z', '2018-03-05 11:53:31'),(138, '1', '1', 63, 'z', '2018-03-05 11:55:13'),(139, '2', '1', 63, 'z', '2018-03-05 11:55:13'),(140, '1', '1', 64, 'z', '2018-03-05 12:05:19'),(141, '2', '1', 64, 'z', '2018-03-05 12:05:19'),(142, '1', '1', 65, 'z', '2018-03-05 12:11:21'),(143, '2', '1', 65, 'z', '2018-03-05 12:11:21'),(144, '1', '1', 66, 'z', '2018-03-05 12:13:14'),(145, '2', '1', 66, 'z', '2018-03-05 12:13:14'),(146, '1', '1', 67, 'z', '2018-03-05 12:15:00'),(147, '2', '1', 67, 'z', '2018-03-05 12:15:00'),(148, '100', '1', 68, '瓦特', '2018-03-24 12:14:27'),(149, '200', '1', 68, '瓦特', '2018-03-24 12:14:27'),(150, '12', '1', 69, 'A', '2018-03-24 12:14:39'),(151, '24', '1', 69, 'A', '2018-03-24 12:14:39'),(156, '100', '1', 72, '瓦特', '2018-03-27 10:16:36'),(157, '200', '1', 72, '瓦特', '2018-03-27 10:16:36'),(158, '12', '1', 73, 'A', '2018-03-27 10:16:36'),(159, '24', '1', 73, 'A', '2018-03-27 10:16:36'),(168, '100', '1', 78, '瓦特', '2018-03-27 10:39:52'),(169, '200', '1', 78, '瓦特', '2018-03-27 10:39:52'),(170, '12', '1', 79, 'A', '2018-03-27 10:39:52'),(171, '24', '1', 79, 'A', '2018-03-27 10:39:52'),(172, '100', '1', 80, '瓦特', '2018-03-27 10:42:29'),(173, '200', '1', 80, '瓦特', '2018-03-27 10:42:29'),(174, '12', '1', 81, 'A', '2018-03-27 10:42:30'),(175, '24', '1', 81, 'A', '2018-03-27 10:42:30'),(176, '100', '1', 82, '瓦特', '2018-03-27 10:56:55'),(177, '200', '1', 82, '瓦特', '2018-03-27 10:56:55'),(178, '12', '1', 83, 'A', '2018-03-27 10:56:55'),(179, '24', '1', 83, 'A', '2018-03-27 10:56:55'),(208, '测试', '1', 0, '1', '2018-12-01 21:46:06'),(209, '测试2', '1', 0, '2', '2018-12-01 21:46:06'),(210, '', '1', 0, '', '2018-12-01 21:46:06');
UNLOCK TABLES;
COMMIT;
